标题,状态,处理人,优先级,标签
教学域数据层（21 张表 + 4 张配置表 + 权限 + 菜单）,已完成,,P0,教学管理
成绩册（列权重 × 类型权重 + 二维录入 + 等级达标）,已完成,,P0,教学管理
课程规划（单元 / 环节 / 开课 / 部署到课次）,已完成,,P0,教学管理
行为记录（记录 / 跟进 + 告警重算 + 家长信件）,已完成,,P0,教学管理
课时教案（挂课次 + 学生 / 家长可见性）,已完成,,P1,教学管理
学习成果库（单元 / 课时挂成果）,已完成,,P1,教学管理
考勤码配置（可配置出勤口径）,已完成,,P1,教学管理
出勤率报表 + 考勤终态审核（教务审核 → 计入出勤率与结算基数）,已完成,,P1,教学管理
作业与成绩册联动（作业完成情况一键写入成绩册）,已完成,,P2,教学管理
家长 / 学生门户（多子女 + 自助 + 可见性查询层过滤）,已完成,,P0,教学管理
教学班数据补录（阻塞课程部署）,待开始,,P0,教学管理
考试与成绩（考核类型 / 期末总评结转 / 各科教师评语 / 成绩单 + PDF 导出 / 成绩分布与 GPA 排名报表 / 成绩口径 / 常用评语库 / 整班 ZIP）,已完成,,P0,教学管理
身份模拟（管理员以任意账号身份浏览 + 二次密码 + 全程留痕 + 只读模式 + 模块白名单 + 模拟记录）,已完成,,P1,权限安全
卫瓴联系人管理（同步 + 只读列表 + 关联学生）,已完成,,P0,招生管理
新菜单「我的跟进」（招生管理）：按归属人汇总我名下联系人的三类互动（跟进记录 / 招生跟进 / 邮件）+ 行内最近摘要 + 就地展开 + 悬停预览,已完成,,P1,招生管理
新菜单「归属人映射」+「我的跟进」按映射管控：筛选改用户、三类勾选框、展开全量罗列、招生跟进与邮件弹窗、统一翻页,已完成,,P1,招生管理
「我的跟进」可见范围收紧：非系统管理员只能看自己（服务端忽略 user 参数 + 用户下拉只回本人 + 前端仅本人标签）,已完成,,P0,权限安全
招生跟进改用联系人（新建 / 修改从联系人取数）,已完成,,P1,招生管理
招生分析报表（8 个分析区块 + 6 个 KPI 下钻）,已完成,,P1,招生管理
联系人去重报表（分组 + 证据 + 建议保留 + 导出）,已完成,,P1,招生管理
候选人流失分析（按渠道 / 归属人）,已完成,,P2,招生管理
邮件自动归档（IMAP + 附件本地化 + 关联学生）,已完成,,P0,招生管理
邮件归档按用户隔离：账户关联用户 + 行级数据范围 + 用户/关联列 + 归属迁移,已完成,,P0,权限安全
邮件归档：关联权限口径修正（招生/班主任不再 403）+ 邮箱筛选列 + 取消关联入口明显化 + 列表列精简（文件夹/已读/用户隐藏、发送时间只到年月日）,已完成,,P1,招生管理
邮件归档「关联一致化」：联系人 ↔ 学生 双向补全（保存即时 + 手动重算）+ 空关联形态判据收口（idsOf）+ 置信度门槛 ≥85,已完成,,P1,招生管理
新建账号默认选中真实校区 + 校区改必填（ABAC 校区两个反向坑）,已完成,,P0,权限安全
用户表姓名与飞书对齐（宋琼｜Sally / 吴倩｜Erin / 孙旭峰｜Richard）,已完成,,P1,数据一致性
部门成员同步漏抓根部门直属成员（刘玉蓉｜Yvonne 查不到）,已完成,,P1,组织管理
用户管理页左侧部门架构树 + 点部门筛选账号（含下级可切 / URL 可分享）,已完成,,P0,权限安全
学生档案行级数据范围（角色级 dataScope + 人级学生档案范围 + 9 模块 + 学生全景）,已完成,,P0,权限安全
学生档案列表/导出字段级脱敏补齐,已完成,,P1,权限安全
角色管理「复制角色」（继承四项配置，不继承内置/锁定）,已完成,,P0,权限安全
AI 路由六模块（分组 / 上游账号 / 模型路由 / API 密钥 / 用量 / 审计）,已完成,,P0,AI 路由
AI 网关真实调用打通（DeepSeek 实测 + 计费 + 冷却恢复）,已完成,,P0,AI 路由
AI 路由用户管理（方案待定：复用 or 新建）,待开始,,P2,AI 路由
学生类报表 4 张（结构概览 / 年级流向 / 入学趋势 / 档案完整度）,已完成,,P1,报表管理
笔记统计 / 活跃时段报表,已完成,,P2,报表管理
报表下钻（点人数进名单，带筛选）,已完成,,P1,报表管理
菜单级权限点补齐 + 存量角色迁移,已完成,,P0,权限安全
菜单入口口径收口：read 蕴含 enter（修 9 个角色「有权限却看不到菜单」）,已完成,,P0,权限安全
菜单 key 与模块资源 key 对齐（4 处别名收口）+ 合并重复的部门管理资源,已完成,,P1,权限安全
「教务」调整冲销：菜单可见但接口 403,已完成,,P1,权限安全
部门同步接口收权限：POST /departments/sync 原本任何登录用户可调，收口到 module:departmentManagement:update,已完成,,P0,权限安全
修复菜单 key 与模块资源 key 不一致导致 4 个菜单静默隐藏（回归修复）,已完成,,P0,权限安全
修复权限矩阵保存后管理员被降级回历史快照（自愈缺口）,已完成,,P0,权限安全
字段密级脱敏（FIELD_LEVELS 自动脱敏）,已完成,,P0,权限安全
审计四件套（创建 / 更新人 + 时间，79 张表）,已完成,,P1,权限安全
操作日志 / 登录日志 / 系统监控,已完成,,P2,权限安全
飞书 → PostgreSQL 数据层迁移（79 表全量切读）,已完成,,P0,基础设施
Blue-Green 零停机部署,已完成,,P0,基础设施
云盘 / 云文档 / 字典内化,已完成,,P1,基础设施
部门管理（部门树 + 部门成员）,已完成,,P2,基础设施
外部客户端接入（CLI / MCP / API 令牌，让 agent 调用 ACMS）,已完成,,P1,基础设施
全站按钮权限收口（CrudPage moduleKey 全覆盖 + 只对已声明动作生效）,已完成,,P0,权限安全
知识库配置按用户隔离（「关联用户」多选 + 可见性判据唯一化）,已完成,,P0,权限安全
笔记正文落库（noteBody：智能总结与原始记录分列）,已完成,,P1,基础设施
「重新收取」笔记正文（异步 + 进度 + 幂等 upsert）,已完成,,P1,基础设施
笔记录音链路（落库 / 行内播放 / 转出带录音 / 容器嗅探）,已完成,,P1,基础设施
角色管理页重构（菜单可见性并入矩阵 + 列表视图按模块罗列）,已完成,,P0,权限安全
权限判据双轨制收口（自建 controller 切到 module 体系 + 菜单白名单修复）,已完成,,P0,权限安全
会议纪要可见范围（公开 / 部门内可见 / 指定部门可见 / 指定用户可见 / 仅自己可见 + 部门负责人跨部门可见 + 参会/缺席/列席多选）,已完成,,P0,权限安全
日常跟进 / 家校沟通 / 学生观察 三合一为「学生记录」（类型域权限 + 数据迁移 + 蓝绿部署）,已完成,,P0,学生闭环
学生记录列表操作列支持录音播放（行内播放抽成公共 hook，getnote 与附件字段共用）,已完成,,P1,学生闭环
记录人 / 负责人默认取源笔记归属人（学生记录 + 招生跟进，含历史数据回填）,已完成,,P1,学生闭环
招生跟进操作列录音播放 + 学生记录记录人列移到时间后 + 详情页附件统一为播放器,已完成,,P2,学生闭环
「取笔记归属人」推广到全部走笔记转换的模块（实践活动 / 阶段评价 / 校友跟进 / 会议纪要）,已完成,,P1,学生闭环
学生记录列表表单重排 + 详情页按类型显隐（UI 统一）+ 主题时间取自笔记 + 历史补齐,已完成,,P0,学生闭环
学生记录详情页加分区标题（与编辑表单同一套分区；CrudView 复用 section）,已完成,,P2,学生闭环
会议纪要表单改版：部门多选树 + 可搜索多选（112 复选框→4 输入框）+ 选部门自动联动，判据合并到 id 口径 + 存量回填,已完成,,P0,组织管理
用户管理角色显示统一（身份模拟页渲染 key）+ RoleLabels 缓存 bug,已完成,,P0,组织管理
招生跟进「沟通主题」超链接格式统一（openRecord 列统一链接样式）,已完成,,P1,招生管理
报表下钻数字与报表逐项对齐（#570：卡片 hint + likely 口径 + weak 静默全表）,已完成,,P0,报表管理
报表按角色授权（11 张报表各自权限点 + 迁移依据 module:reports:read + 403 消息修正）,已完成,,P0,报表管理
成绩配置四页面（批次 / 等级体系+绩点 / 类型权重 / 学生目标）+ 成绩册列字段与免考缺考录入,已完成,,P0,教学管理
七个页面下拉统一改读字典（8 个新 key）+ 考核类型读类型表 + 口径值归一防静默算反,已完成,,P0,教学管理
成绩册「新建考核列」考核类型改下拉（候选=类型表，标出本班权重）+ 清理 6 处显示星号的文案,已完成,,P0,教学管理
成绩册考核列科目改读字典授课科目 · 编辑列不刷新(缺 key) · 成绩目标不显示(只认等级名) · 目标等级序号改下拉+序号非法显式提示 · 选学生自动带班级（含 selectLabels）,已完成,,P0,教学管理
考核类型加「考核类型组」（左组右类型，组可停用且停用后别处不可用，含存量回填）· 行为记录学生下拉带英文名 · 行为分类改读字典（课堂纪律/作业提交/文明礼貌）,已完成,,P0,教学管理
成绩类型权重改成批量向导（选班→选组→勾选类型→统一填权重→一次保存）,已完成,,P1,教学管理
成绩册加学年/学期筛选（列加归属 + 未归属兜底 + 结转按批次同期）· 新建考核列改弹出框 · 科目多选一次建多列 · 作业转成绩册按钮+弹窗,已完成,,P0,教学管理
学生记录新增「IDP沟通」记录类型（复用日常跟进权限）+ 收起独立 IDP 沟通入口（2 处入口 + 3 路由重定向）+ 字典数据补写（含字典文件结构踩坑）,已完成,,P0,教学管理
学生记录记录类型再加「学生沟通」（与 IDP沟通 同批：复用日常跟进权限）+ 测试断言改动态推导,已完成,,P0,教学管理
首页 logo 旧附件待人工重传,待开始,,P2,数据质量
「我的笔记」归档 / 激活 + 状态筛选（默认只看「有效」）+ 归档笔记不可转换（409 NOTE_ARCHIVED）,已完成,,P1,基础设施
招生跟进 / 校友跟进 / 实践活动「负责人」默认 = 当前登录用户（修 RecordMeta.readonly 导致负责人根本存不进去 + 修「保存后点修改联系人看着没带出」）,已完成,,P0,招生管理
「负责人」口径收口到 packages/contracts/defaultFollowupOwner（一处判据三模块共用）+ 前端 useCurrentUserName,已完成,,P1,招生管理
修「已被关联到知识库配置，却仍被要求自己配凭证」（configured 与 viaSource 两套可见性判据不一致）,已完成,,P1,权限安全
学生记录「权限矩阵里勾了却不生效」：补声明 module:weilingContacts:* + 容器行 typeScope.allTypesModuleKey + 403 提示改人话,已完成,,P0,权限安全
导出页「学生记录」改为按记录类型分别导出（三合一项不再指向合并前的旧空表）+ 逐类型行数与库核对,已完成,,P1,报表管理
报表学生结构概览加入学年份与Arete入学年两个维面（前端维面与后端投影白名单同源守卫）,已完成,,P1,报表管理
学生记录记录类型新增学生实践（与日常跟进族同字段同权限点；字典词表AI摘要笔记标签导出文案跟随）,已完成,,P1,教学管理
成绩单已有总评的学生重复与批量评语科目筛选后无数据：服务端补学生维度去重、科目下拉带总评计数标注、批量评语补科目列,已完成,,P0,教学管理
IDP重构新增IDP配置与我的IDP两个菜单沟通记录复用学生记录不建新表旧IDP管理下线,已完成,,P0,教学管理
知识库同步纳入定时任务（getnote sources 硬编码cron改为任务行驱动）,已完成,,P1,基础设施
飞书最终导师批量写入IDP配置IDP老师（77行逐行核对一致）加修班级被写成object的bug,已完成,,P0,教学管理
报表顶部筛选栏补入学年份（与入学年月两个口径；投影白名单同源守卫）,已完成,,P1,报表管理
联系人归属人带出学生档案招生负责老师（只补空加新关联才补加精确匹配加定序纯函数）,已完成,,P1,招生管理
报表新卡「使用统计」：跨 5 个模块看谁在用、用了多少（三个「数字会对不上」的口径做成判据 + 37 项单测）,已完成,,P1,报表管理
「我的笔记」筛选收口：状态下拉去掉重复的「全部」+ 触发器统一成「标签：当前值」+ 提示条 N 的口径改为「挡掉 ∧ 归档」,已完成,,P1,基础设施
招生跟进加「学生姓名」列 · 联系人管理加「学生姓名」列 · 学生观察加「沟通方式」 · 修学生列超链接（根因 linkBackfill） · 笔记统计按人漏人 · 审计时间缺时分秒,已完成,,P1,学生闭环
新菜单「会议室助手」（组织管理）：读飞书会议室房间 / 层级 / 设备 + 可用度 + 找空闲（含三处真实接口结构修正）,已完成,,P1,组织管理
招生跟进「学生姓名」：选完联系人自动带出（联动 patch 挂错列，自 9-19 起从未生效）+ 改为只读 + 存量 9 条回填,已完成,,P1,招生管理
知识库配置「归属人」= 该配置服务的账号主人（管理员代建时不再归到创建者名下）+ 存量归属数据更正,已完成,,P0,权限安全
笔记音频：来源字段落库（根因）+ 每日 06:30 自动抓取 + 列表标出「待抓取」,已完成,,P1,基础设施
全站下拉筛选统一：FilterSelect 抽成公共组件（补多选与 clearable）+ 清 3 份副本 + 28 处原生 select 收口,已完成,,P2,基础设施
学生详情页「关联笔记」聚合：全路径（本人 + 各类学生记录 + 招生跟进）+ 来源标注 + 跨模块权限过滤,已完成,,P1,学生闭环
学生档案「相关邮件」：修掉关联字段等值筛导致恒 0 条（邮件已关联却看不到）+ 补齐发件人 / 附件清单（文件名可点下载）/ 发送时间到日,已完成,,P1,学生闭环
学生档案：字段「入学年份」改名「入学年月」（四层同批：表单/字典/acms_fields/82 行数据键）+ 新增「入学年份」（2021–2030）与「Arete入学年」（第1年–第10年）+ 列表隐藏 4 列、新增 2 列,已完成,,P1,学生闭环
新菜单「定时任务」（后台管理·仅系统管理员）：归档任务搬成数据行 ⇒ 可增删改 + 操作列「运行」「补归档」；支持每天/每周几、启用开关、输出内容、按人分文件夹、补跑窗口；改目标文件夹时提示是否补归档,已完成,,P1,基础设施
「定时任务」升级为通用调度器：任务类型（笔记归档 / 卫瓴联系人同步 / 邮件收取）+ 频率（每天 / 每小时 / 每15分钟）；卫瓴默认每天 07:00、邮件收取每15分钟；删除三处硬编码定时器；每分钟 tick + 槽位去重,已完成,,P0,基础设施
成绩册「学科分行」视图：同一考核项的多学科列（日常 · 数学 / 日常 · 英语 / 日常 · 生物学）归并为一列（表头按考核项显示、不再重复科目）+ 归并列的编辑按科目切换、删除按科目批量删并二次确认,已完成,,P1,教学管理
我的 IDP 增强：「学生」列显示「中文名｜英文名」+ 抽屉「导入笔记」（我的笔记多选批量关联到该生 IDP 明细行、已关联的不再列出、可解除）+ 「不分配」改「未分配」+ 新增 mine=1 只列本人笔记 + 补 8 个老师角色 module:getnote:update,已完成,,P1,教学管理
我的 IDP 二次改版：导入即按每条笔记各建一条 IDP沟通 记录并挂上笔记（不再挂 IDP 明细行）；时间线去掉总结预览段、点整行看记录详情（关联笔记标题可点看总结/原始记录）；附件挂在记录上可加删下载；记录一次沟通补沟通方式下拉；修「凭证挂在知识库配置上的老师 mine=1 恒为 0 条」,已完成,,P1,教学管理
我的 IDP 三次改版：学生行改行内展开（箭头 → 展开区铺沟通面板）、去掉「继续操作·继续沟通」列；点沟通标题直接弹内容（有笔记⇒笔记详情 / 无笔记⇒本条记录的沟通总结明细）；后端按记录给关联笔记 linkedNoteMapOf（并集仍供已导入过滤，同一次读表）；附件移到元信息行最右侧；导入在前实心、手记在后描边；导入候选改全宽网格；总结明细改用全站统一 MarkdownField；笔记详情弹窗抽成公用件 GetnoteNoteModal（我的笔记页也改用）；弹窗关闭统一右上角 ×,已完成,,P1,教学管理
IDP 沟通记录里的录音附件：改成播放按钮（复用学生记录列表的 isAudioFile + useRowAudio）且不允许删除；点标题弹窗补原生播放器；后端附件带 type,已完成,,P1,教学管理
定时任务「每小时」改为从执行时间起算（07:15 = 07:15/08:15/…/23:15，次日重来；兼容 00:xx 存量配置）+ 文案改「HH:MM 起每小时」+ 卫瓴联系人同步按此配置,已完成,,P1,基础设施
我的笔记→转换改行内就地（不弹窗不跳页、保存成功才留痕）；CrudPage 新增 formOnly 模式 + formGridOf 单一字段渲染；新增 convertShow 折叠标记；新增 NoteConvertPanel/convertForm/useDeptMembers；会议纪要转换预填补议题与时间,已完成,,P1,教学管理
转换候选按 order 排序（原漏排 ⇒ 学生记录排到会议纪要后面）+ 招生跟进补 学生姓名/跟进状态 默认展开+ 学生记录补 沟通方式 默认展开,已完成,,P1,教学管理
新增「IDP 统计」页（/idp-stats）+ 我的IDP/IDP统计另造独立权限点（module:myIdp:read / module:idpStats:read）；后端按月统计名下学生沟通次数/间隔/明细（含笔记与附件）,已完成,,P0,教学管理
权限迁移抬版本不等于补上：v6 被整体跳过导致 Phase1~8 缺 idpStats ⇒ 版本 6→7 重跑增量迁移；新增守卫「资源引入版本 ≤ 当前版本」,已完成,,P0,权限与身份
修既有 bug：IDP 沟通「笔记」读不出来（写侧模块标签 vs 读侧记录类型）⇒ 放宽读取侧判据,已完成,,P0,教学管理
「IDP 统计·看全部」独立成专用权限点 idpStatsAll（v8，与 IDP配置解绑；legacyRead null 不随迁移发放、subOf idpStats 供勾选）；补 Phase10/院级管理，清 student/parent 的 idpPlans:read,已完成,,P0,权限安全
新增「学生支持看板」/student-support：七条自动信号+证据原文+负责人自动推导+学生级状态，新建「学生支持」表，问题类型/严重程度读字典，权限 v9,已完成,,P0,教学管理
学生支持看板上线后调优：problemClue 命中 56%→27%（移除 18 个宽词 + 强词/≥2 词门槛 + unresolved 阈值 2→3）,已完成,,P0,教学管理
摸清支持类字段全都没人在用 ⇒ 确立「看板不得依赖人工维护字段」硬约束,已完成,,P0,教学管理
学生支持看板补「＋登记支持」入口（含学生选择器，覆盖看板上没有的学生）+卡片快捷登记+导出CSV,已完成,,P0,教学管理
修「给看板上没有的学生登记必然404」：写动作范围校验误用 detail()（detail 依赖 board）⇒ 抽 loadContext/ctxOf/inScopeOf/studentCtx 读写共用一份判据,已完成,,P0,教学管理
看板加「已认领·无信号」分组（claimed，排最后）；上板条件=有信号或有未关闭支持行；KPI 拆 claimedOnly,已完成,,P0,教学管理
定时任务新增「看板快照」（复用 board）+ 通用 switch 字段 + 任务页启用/停用就地切换,已完成,,P1,教学管理
新增权限点「学生支持·移除卡片」（v10，忽略+可恢复、legacyRead null、单独计数）,已完成,,P0,权限安全
「记一次沟通」改页内 formOnly 新建学生记录（复用 columns、默认值预填），不再开新 tab,已完成,,P1,教学管理
笔记归档内容去重：文件夹Token+kind+内容哈希（sha256、跨任务查），记录表加哈希字段,已完成,,P1,教学管理
新增「信号规则」配置页（v11：信号开关+阈值+词表；判据参数化；试算用同一份判据；权限独立下发）,已完成,,P0,权限安全
修「被移除的卡片再也恢复不了」（上板条件排在移除检查之前的顺序 bug；守卫加顺序断言）,已完成,,P0,教学管理
笔记录音自动补抓改为统一调度任务（每天 3 次 08:00/13:00/18:00，删掉 getnote 进程内自建定时器；频率新增「每天多次」+ 槽位带序号）,已完成,,P0,教学管理
IDP 配置页隐藏操作列（SHOW_OPS_COLUMN=false，表头与单元格同一常量；抽屉入口保留）,已完成,,P2,教学管理
报表学生结构概览筛选顺序：入学年份移到入学年月之前,已完成,,P2,报表管理
成绩册模板导出 + 成绩导入（parseGradeImport/buildGradeTemplateCsv/gradeCellExportText；空=不动·clear=清空·学生ID优先；分批300格）,已完成,,P1,教学管理
修「新 slot 起不来」：ScheduledTasksModule 漏导 GetnoteModule（tsc/单测/typecheck 全绿、只有装配期才炸）；新增启动期装配守卫 nest-module-di.test.ts,已完成,,P0,基础设施
修「定时任务列表显示说谎」：每天多次的执行安排文案写死 hour:minute 导致显示成一天一次；改用 jobRunMinutes+formatTimeOfDay,已完成,,P0,教学管理
修「音频补抓进度看不见」：status 兜底缺 noCred/trigger 且看不到定时任务那份（audio:__cron__）；新增 getnote-audio-progress.test.ts 守卫,已完成,,P1,教学管理
卫瓴联系人「入学」：联系人列表操作列 → 转成学生档案（xsxm 为学生姓名、归属人映射为招生负责老师、三档字段映射、重名前置检测、周边实体顺手关联）,已完成,,P0,招生管理
新增权限点 weilingEnroll（v12，legacyRead:null 只手工勾；叠加要求 module:students:create）,已完成,,P0,权限安全
CrudPage 新增 rowActionSlotWhenReadonly：只读列表也能挂行级跨模块动作（新建/编辑/删除仍被 readonly 挡住）,已完成,,P1,基础设施
修「转档失败返 500」：throw new Error 被 Nest 兜成 500 ⇒ 改 BadRequestException / NotFoundException,已完成,,P0,招生管理
修「weilingEnroll 的 enter 被无条件发给 12 个角色（含 student/parent）」：enter 走另一套继承规则（menuPermission 为 null 即恒真）⇒ actions 去掉 enter + path 改假子路径,已完成,,P0,权限安全
"「卫瓴映射」后台可配置页（v13）：卫瓴「来源渠道/客户阶段/学校类型/计划入学学期/缴费方式」→ 学生档案选项的对应关系可配 + 左列真实取值分布 + 右列候选来自运行期字典 + 试算（不保存）+ 恢复出厂默认 + 学生详情「招生来源」反查；判据参数化 buildEnrollDraft(ctx, mapping = DEFAULT) 第三参可选 ⇒ 老调用点零改动、默认全空 = 线上行为不变（已断言）；实测档案「来源渠道」是 8 个选项、生源跟进状态 6 个（旧文档抄的是过期快照）",已完成,,P0,招生管理
联系人「取消关联」（v14，已上线）：关联来源三态（自动/人工/已忽略）+ matchStudents 跳过非「自动」+ 没命中就不写 + 写库门槛 55→70（55 分那档降级为只提示不写库）；取消/改指/恢复自动三个接口，幂等 + 留痕原依据；线上实测 matched 83/3706（原 100，少的 17 条正是 55 分那批）· skipped 2 · advisory 15,已完成,,P0,招生管理
全站超链接统一（方案 B，已上线）：.link-cell 从死代码启用（accent+600+hover 下划线+:focus-visible，删掉会让链接比正文小一圈的 font-size:12px）+ CrudPage.openRecord 改真 <a> + 消灭 2 处伪链接 + studentLink 落点统一到学生档案 + /student-support 名称列上色与行可聚焦 + 跳转箭头收口到 lib/uiGlyphs.ts,已完成,,P1,基础设施
学籍号唯一性：保存时查重提醒 + 提交前预检 GET /students/student-no-taken；字段真名是「学籍号（脱敏）」带全角括号（写成「学籍号」取到恒空且不报错，顺手修 AI 工具与学生门户两处老 bug + 新增 field_name_lint.mjs 全仓守卫）；查重在服务端用真值做且放在 stripProtected 之后、update 传 excludeId；🔴 上线探针揪出安全洞并修复：预检原先把学籍号明文回显在 reason 里且只判 students:read ⇒ 低密级用户可把 available 当枚举机，现改为密级不足一律 403 FIELD_LEVEL_DENIED（判据在门禁之后，不存在的号/空值也 403）；根因是测试写了声明却没写成断言（not.toContain('studentNoValue') 是恒真空断言）,已完成,,P0,数据质量
「代码规则」页（v14，已上线）：学籍号等自动编号规则可配 —— 段 DSL（固定文本/日期分量/记录字段+映射/流水号/随机串）+ 分隔符/大小写/冲突策略/重试 + 试算（不写库）+ 冲突预检 + 批量补号。规则存 systemConfig 单行 JSON（不造新表），权限点 codeRules（legacyRead:null + 含 update + 不含 enter），ROLE_PERMISSION_VERSION 13→14。默认学籍号规则从生产 84 条逆推（非设计稿的假设值 AR-26秋-B-0001）：[入学年份后2][FA|SP]-[入学年级→FEP/P1/P2/P3/Y1/GP]-[流水3]，流水按「年前缀+项目码」重置，逐条复现 82/82。🔴 上线探针揪出残号 bug：项目码取不到值时被滤掉、两个 `-` 文本段却留着 ⇒ 生成 26FA--001；学籍号是登录凭证 ⇒ 已改成「必需段取不到值就不生成」（含映射未命中），并把「能补几条」从 rows.length 改成 fillable。线上验证 36/36，BUILD_ID=ZprbzQQoLxc8k035KyqdN；探针记录已 SQL 清理并对账回基线,已完成,,P1,数据质量
修「上游同步整行替换，静默清空本地字段」：syncAll 的「先 createWithId，冲突了再 update」是假兜底 —— createWithId 走 upsert、冲突时不抛异常，catch 永不执行，整行 data 被上游字段覆盖（实测抹掉 3 条联系人的 5 个关联键，键消失而非变空串）；新增 SqlStore.upsertMergeWithId（data = 老 ‖ 新），联系人/跟进记录/字段描述三处落库改走它,已完成,,P0,基础设施
联系人管理「关联学生」列改为可操作单元格：未关联 ⇒ 虚线「+ 学生」即搜即选；已关联 ⇒ chip + × 取消（二次确认 + 可选原因）；已忽略 ⇒ 灰标 + 「恢复自动」；与 /mail-archive 的「关联」列同构（峰哥指定参考）,已完成,,P1,招生管理
修「编号生成器产出格式外残号」：必需段（field）取不到值 ⇒ 整条规则不生成并返回原因，配了 map 却未命中同理；原来会写出 `26FA--001` / `26FA-大三-001` 这种「格式不合法却长得像合法」的号，而学籍号是学生/家长/小程序的登录凭证 ⇒ 批量补号会静默写坏；同时 CodeFillPreview 增加 fillable/blocked，「能补几条」不能再用 rows.length（实含生成不出来的行）,已完成,,P0,数据质量
「代码规则」页线上验证（v16 探针 36/36）：预览无残号 + 缺必需输入的行带原因不生成 + 试算不写库 + 保存可复原 + 无权限 403（不是 401）+ 批量补号只补空值/停用规则 400 + 新建学生留空自动生成（26FA-P1-025 ⇒ 026）+ 缺「入学年级」时学籍号保持为空（走真实 POST /students，验证后用 SQL 删除并回基线）,已完成,,P1,基础设施
